{
  "c / bg": {"paints":[{"type":"SOLID","visible":true,"opacity":1,"color":{"r":0.9764705882352941,"g":0.9803921568627451,"b":0.9882352941176471}}]},
  "c / bg-light": {"paints":[{"type":"SOLID","visible":true,"opacity":1,"color":{"r":1,"g":1,"b":1}}]},
  "c / black": {"paints":[{"type":"SOLID","visible":true,"opacity":1,"color":{"r":0.0392156862745098,"g":0.047058823529411764,"b":0.06274509803921569}}]},
  "c / grey / 00": {"paints":[{"type":"SOLID","visible":true,"opacity":1,"color":{"r":0.9411764705882353,"g":0.9490196078431372,"b":0.9686274509803922}}]},
  "c / grey / 01": {"paints":[{"type":"SOLID","visible":true,"opacity":1,"color":{"r":0.8980392156862745,"g":0.9058823529411765,"b":0.9215686274509803}}]},
  "c / grey / 02": {"paints":[{"type":"SOLID","visible":true,"opacity":1,"color":{"r":0.8,"g":0.8117647058823529,"b":0.8392156862745098}}]},
  "c / grey / 03": {"paints":[{"type":"SOLID","visible":true,"opacity":1,"color":{"r":0.6980392156862745,"g":0.7176470588235294,"b":0.7568627450980392}}]},
  "c / grey / 04": {"paints":[{"type":"SOLID","visible":true,"opacity":1,"color":{"r":0.6039215686274509,"g":0.6274509803921569,"b":0.6705882352941176}}]},
  "c / grey / 05": {"paints":[{"type":"SOLID","visible":true,"opacity":1,"color":{"r":0.5058823529411764,"g":0.5333333333333333,"b":0.5803921568627451}}]},
  "c / grey / 06": {"paints":[{"type":"SOLID","visible":true,"opacity":1,"color":{"r":0.4117647058823529,"g":0.4392156862745098,"b":0.49019607843137253}}]},
  "c / grey / 07": {"paints":[{"type":"SOLID","visible":true,"opacity":1,"color":{"r":0.3215686274509804,"g":0.34901960784313724,"b":0.4}}]},
  "c / grey / 08": {"paints":[{"type":"SOLID","visible":true,"opacity":1,"color":{"r":0.24313725490196078,"g":0.27058823529411763,"b":0.3215686274509804}}]},
  "c / grey / 09": {"paints":[{"type":"SOLID","visible":true,"opacity":1,"color":{"r":0.17254901960784313,"g":0.19607843137254902,"b":0.23921568627450981}}]},
  "c / off-white": {"paints":[{"type":"SOLID","visible":true,"opacity":1,"color":{"r":0.9764705882352941,"g":0.9803921568627451,"b":0.9882352941176471}}]},
  "c / white": {"paints":[{"type":"SOLID","visible":true,"opacity":1,"color":{"r":1,"g":1,"b":1}}]},
  "c / border": {"paints":[{"type":"SOLID","visible":true,"opacity":1,"color":{"r":0.8,"g":0.8117647058823529,"b":0.8392156862745098}}]},
  "c / border-light": {"paints":[{"type":"SOLID","visible":true,"opacity":1,"color":{"r":0.8980392156862745,"g":0.9058823529411765,"b":0.9215686274509803}}]},
  "c / primary": {"paints":[{"type":"SOLID","visible":true,"opacity":1,"color":{"r":0.09803921568627451,"g":0.3254901960784314,"b":0.796078431372549}}]},
  "c / primary-light": {"paints":[{"type":"SOLID","visible":true,"opacity":1,"color":{"r":0.2196078431372549,"g":0.45098039215686275,"b":0.8431372549019608}}]},
  "c / primary-lighter": {"paints":[{"type":"SOLID","visible":true,"opacity":1,"color":{"r":0.8823529411764706,"g":0.9176470588235294,"b":0.9764705882352941}}]},
  "c / primary-dark": {"paints":[{"type":"SOLID","visible":true,"opacity":1,"color":{"r":0.027450980392156862,"g":0.1803921568627451,"b":0.6}}]},
  "c / primary-darker": {"paints":[{"type":"SOLID","visible":true,"opacity":1,"color":{"r":0,"g":0.07058823529411765,"b":0.36470588235294116}}]},
  "c / secondary": {"paints":[{"type":"SOLID","visible":true,"opacity":1,"color":{"r":0.35294117647058826,"g":0.35294117647058826,"b":0.9019607843137255}}]},
  "c / secondary-light": {"paints":[{"type":"SOLID","visible":true,"opacity":1,"color":{"r":0.5137254901960784,"g":0.5333333333333333,"b":0.9411764705882353}}]},
  "c / secondary-lighter": {"paints":[{"type":"SOLID","visible":true,"opacity":1,"color":{"r":0.9058823529411765,"g":0.9058823529411765,"b":0.9803921568627451}}]},
  "c / secondary-dark": {"paints":[{"type":"SOLID","visible":true,"opacity":1,"color":{"r":0.2549019607843137,"g":0.21176470588235294,"b":0.7294117647058823}}]},
  "c / secondary-darker": {"paints":[{"type":"SOLID","visible":true,"opacity":1,"color":{"r":0.14901960784313725,"g":0.13333333333333333,"b":0.23137254901960785}}]},
  "c / text": {"paints":[{"type":"SOLID","visible":true,"opacity":1,"color":{"r":0.17254901960784313,"g":0.19607843137254902,"b":0.23921568627450981}}]},
  "c / text-light": {"paints":[{"type":"SOLID","visible":true,"opacity":1,"color":{"r":0.3215686274509804,"g":0.34901960784313724,"b":0.4}}]},
  "c / text-placeholder": {"paints":[{"type":"SOLID","visible":true,"opacity":1,"color":{"r":0.5058823529411764,"g":0.5333333333333333,"b":0.5803921568627451}}]},
  "c / text-icon": {"paints":[{"type":"SOLID","visible":true,"opacity":1,"color":{"r":0.5058823529411764,"g":0.5333333333333333,"b":0.5803921568627451}}]},
  "c / ui / online": {"paints":[{"type":"SOLID","visible":true,"opacity":1,"color":{"r":0,"g":0.6980392156862745,"b":0.6431372549019608}}]},
  "c / ui / online-light": {"paints":[{"type":"SOLID","visible":true,"opacity":1,"color":{"r":0.43529411764705883,"g":0.8156862745098039,"b":0.788235294117647}}]},
  "c / ui / online-lighter": {"paints":[{"type":"SOLID","visible":true,"opacity":1,"color":{"r":0.8549019607843137,"g":0.9490196078431372,"b":0.9411764705882353}}]},
  "c / ui / online-dark": {"paints":[{"type":"SOLID","visible":true,"opacity":1,"color":{"r":0.050980392156862744,"g":0.44313725490196076,"b":0.44313725490196076}}]},
  "c / ui / online-darker": {"paints":[{"type":"SOLID","visible":true,"opacity":1,"color":{"r":0.058823529411764705,"g":0.21568627450980393,"b":0.22745098039215686}}]},
  "c / ui / warn": {"paints":[{"type":"SOLID","visible":true,"opacity":1,"color":{"r":1,"g":0.6509803921568628,"b":0}}]},
  "c / ui / warn-light": {"paints":[{"type":"SOLID","visible":true,"opacity":1,"color":{"r":0.984313725490196,"g":0.796078431372549,"b":0.4392156862745098}}]},
  "c / ui / warn-lighter": {"paints":[{"type":"SOLID","visible":true,"opacity":1,"color":{"r":0.9921568627450981,"g":0.9450980392156862,"b":0.8588235294117647}}]},
  "c / ui / warn-dark": {"paints":[{"type":"SOLID","visible":true,"opacity":1,"color":{"r":0.7058823529411765,"g":0.24705882352941178,"b":0}}]},
  "c / ui / warn-darker": {"paints":[{"type":"SOLID","visible":true,"opacity":1,"color":{"r":0.4117647058823529,"g":0,"b":0}}]},
  "c / ui / critical": {"paints":[{"type":"SOLID","visible":true,"opacity":1,"color":{"r":0.796078431372549,"g":0.1411764705882353,"b":0.19215686274509805}}]},
  "c / ui / critical-light": {"paints":[{"type":"SOLID","visible":true,"opacity":1,"color":{"r":0.9333333333333333,"g":0.3215686274509804,"b":0.3686274509803922}}]},
  "c / ui / critical-lighter": {"paints":[{"type":"SOLID","visible":true,"opacity":1,"color":{"r":1,"g":0.9019607843137255,"b":0.9019607843137255}}]},
  "c / ui / critical-dark": {"paints":[{"type":"SOLID","visible":true,"opacity":1,"color":{"r":0.596078431372549,"g":0.058823529411764705,"b":0.07058823529411765}}]},
  "c / ui / critical-darker": {"paints":[{"type":"SOLID","visible":true,"opacity":1,"color":{"r":0.36470588235294116,"g":0.023529411764705882,"b":0.011764705882352941}}]},
  "c / ui / input-autofill": {"paints":[{"type":"SOLID","visible":true,"opacity":1,"color":{"r":0.8784313725490196,"g":0.9294117647058824,"b":0.9725490196078431}}]}
}